"tag_code_space","tag_id_code"
"A69-1601","62406"
"A69-1601","62108"
"A69-1601","62109"
"A69-1601","62110"
"A69-1601","62256"
"A69-1601","62257"
"A69-1601","62258"
"A69-1601","62259"
"A69-1601","62260"
"A69-1601","62261"
"A69-1601","62262"
"A69-1601","62263"
"A69-1601","62264"
"A69-1601","62265"
"A69-1601","62266"
"A69-1601","62267"
"A69-1601","62268"
"A69-1601","62269"
"A69-1601","62270"
"A69-1601","62271"
"A69-1601","62272"
"A69-1601","62273"
"A69-1601","62274"
"A69-1601","62275"
"A69-1601","62276"
"A69-1601","62277"
"A69-1601","62278"
"A69-1601","62279"
"A69-1601","62280"
"A69-1601","62281"
"A69-1601","62282"
"A69-1601","62283"
"A69-1601","62284"
"A69-1601","62285"
"A69-1601","62286"
"A69-1601","62287"
"A69-1601","62289"
"A69-1601","62305"
"A69-1601","62306"
"A69-1601","62312"
"A69-1601","62314"
"A69-1601","62315"
"A69-1601","62316"
"A69-1601","62318"
"A69-1601","62319"
"A69-1601","62320"
"A69-1601","62322"
"A69-1601","62333"
"A69-1601","62336"
"A69-1601","62056"
"A69-1601","62057"
"A69-1601","62058"
"A69-1601","62059"
"A69-1601","62060"
"A69-1601","62327"
"A69-1601","62329"
"A69-1601","62330"
"A69-1601","63456"
"A69-1601","63935"
"A69-1601","63936"
"A69-1601","63943"
"A69-1601","63944"
"A69-1601","63489"
"A69-1601","63490"
"A69-1601","63565"
"A69-1601","63569"
"A69-1601","63574"
"A69-1601","63597"
"A69-1601","63599"
"A69-1601","63605"
"A69-1601","63606"
"A69-1601","63607"
"A69-1601","63608"
"A69-1601","63609"
"A69-1601","63610"
"A69-1601","63611"
"A69-1601","63612"
"A69-1601","63613"
"A69-1601","63614"
"A69-1601","63617"
"A69-1601","63618"
"A69-1601","63668"
"A69-1601","63670"
"A69-1601","63672"
"A69-1601","63673"
"A69-1601","63675"
"A69-1601","63678"
"A69-1601","63679"
"A69-1601","63681"
"A69-1601","62724"
"A69-1601","62725"
"A69-1601","62726"
"A69-1601","62727"
"A69-1601","62728"
"A69-1601","62729"
"A69-1601","62730"
"A69-1601","62731"
"A69-1601","62732"
"A69-1601","62932"
"A69-1601","62934"
"A69-1601","62935"
"A69-1601","62936"
"A69-1601","62937"
"A69-1601","62939"
"A69-1601","62942"
"A69-1601","62943"
"A69-1601","62944"
"A69-1601","62947"
"A69-1601","63266"
"A69-1601","63267"
"A69-1601","63268"
"A69-1601","63269"
"A69-1601","63271"
"A69-1601","63272"
"A69-1601","63273"
"A69-1601","63274"
"A69-1601","63275"
"A69-1601","63276"
"A69-1601","63277"
"A69-1601","63279"
"A69-1601","63280"
"A69-1601","62000"
"A69-1601","62001"
"A69-1601","62002"
"A69-1601","62003"
"A69-1601","62004"
"A69-1601","62005"
"A69-1601","62012"
"A69-1601","62013"
"A69-1601","62014"
"A69-1601","62015"
"A69-1601","62016"
"A69-1601","62017"
"A69-1601","62018"
"A69-1601","62019"
"A69-1601","62021"
"A69-1601","62022"
"A69-1601","62023"
"A69-1601","62024"
"A69-1601","62186"
"A69-1601","62781"
"A69-1601","62782"
"A69-1601","62783"
"A69-1601","62784"
"A69-1601","62785"
"A69-1601","62786"
"A69-1601","62794"
"A69-1601","62795"
"A69-1601","62796"
"A69-1601","62797"
"A69-1601","62798"
"A69-1601","62799"
"A69-1601","62801"
"A69-1601","62802"
"A69-1601","62803"
"A69-1601","62804"
"A69-1601","12574"
"A69-1601","12582"
"A69-1601","12584"
"A69-1601","12586"
"A69-1601","12590"
"A69-1601","12594"
"A69-1601","12596"
"A69-1601","12598"
"A69-1601","12600"
"A69-1601","12602"
"A69-1601","12606"
"A69-1601","12608"
"A69-1601","12610"
"A69-1601","12614"
"A69-1601","63485"
"A69-1601","62146"
"A69-1601","62147"
"A69-1601","62151"
"A69-1601","62368"
"A69-1601","63086"
"A69-1601","63089"
"A69-1601","63090"
"A69-1601","63091"
"A69-1601","63092"
"A69-1601","63093"
"A69-1601","63095"
"A69-1601","63096"
"A69-1601","63097"
"A69-1601","63098"
"A69-1601","63099"
"A69-1601","63100"
"A69-1601","63101"
"A69-1601","63102"
"A69-1601","63103"
"A69-1601","63104"
"A69-1601","63105"
"A69-1601","63106"
"A69-1601","63107"
"A69-1601","63108"
"A69-1601","63109"
"A69-1601","63110"
"A69-1601","63111"
"A69-1601","63112"
"A69-1601","63113"
"A69-1601","63114"
"A69-1601","63115"
"A69-1601","63116"
"A69-1601","63117"
"A69-1601","63118"
"A69-1601","63119"
"A69-1601","63120"
"A69-1601","63121"
"A69-1601","63122"
"A69-1601","63123"
"A69-1601","63124"
"A69-1601","63125"
"A69-1601","63126"
"A69-1601","63127"
"A69-1601","63128"
"A69-1601","63129"
"A69-1601","63130"
"A69-1601","63131"
"A69-1601","63423"
"A69-1601","63433"
"A69-1601","63435"
"A69-1601","63445"
"A69-1601","60380"
"A69-1601","60381"
"A69-1601","60382"
"A69-1601","60383"
"A69-1601","60384"
"A69-1601","60408"
"A69-1601","60409"
"A69-1601","60410"
"A69-1601","60411"
"A69-1601","60412"
"A69-1601","60414"
"A69-1601","60415"
"A69-1601","60416"
"A69-1601","60417"
"A69-1601","60418"
"A69-1601","60419"
"A69-1601","60420"
"A69-1601","60421"
"A69-1601","60422"
"A69-1601","60423"
"A69-1601","60424"
"A69-1601","60425"
"A69-1601","60426"
"A69-1601","60427"
"A69-1601","60428"
"A69-1601","60429"
"A69-1601","60430"
"A69-1601","60431"
"A69-1601","60432"
"A69-1601","60433"
"A69-1601","60434"
"A69-1601","60435"
"A69-1601","60436"
"A69-1601","60437"
"A69-1601","60438"
"A69-1601","60439"
"A69-1601","60440"
"A69-1601","60441"
"A69-1601","60442"
"A69-1601","60443"
"A69-1601","60444"
"A69-1601","60450"
"A69-1601","60451"
"A69-1601","60464"
"A69-1601","60465"
"A69-1601","60466"
"A69-1601","60467"
"A69-1601","60468"
"A69-1601","60469"
"A69-1601","62084"
"A69-1601","62087"
"A69-1601","62088"
"A69-1601","62101"
"A69-1601","62111"
"A69-1601","62112"
"A69-1601","62119"
"A69-1601","62120"
"A69-1601","62123"
"A69-1601","62128"
"A69-1601","62133"
"A69-1601","62140"
"A69-1601","62141"
"A69-1601","62142"
"A69-1601","62144"
"A69-1601","62152"
"A69-1601","62153"
"A69-1601","62156"
"A69-1601","62157"
"A69-1601","62158"
"A69-1601","62159"
"A69-1601","62160"
"A69-1601","62161"
"A69-1601","62162"
"A69-1601","62163"
"A69-1601","62165"
"A69-1601","62166"
"A69-1601","62167"
"A69-1601","62172"
"A69-1601","62173"
"A69-1601","62174"
"A69-1601","62175"
"A69-1601","62176"
"A69-1601","62177"
"A69-1601","62182"
"A69-1601","62183"
"A69-1601","62363"
"A69-1601","62383"
"A69-1601","62471"
"A69-1601","62472"
"A69-1601","62473"
"A69-1601","62474"
"A69-1601","62475"
"A69-1601","62476"
"A69-1601","62477"
"A69-1601","62478"
"A69-1601","62480"
"A69-1601","62481"
"A69-1601","62482"
"A69-1601","62483"
"A69-1601","62484"
"A69-1601","62485"
"A69-1601","62486"
"A69-1601","62487"
"A69-1601","62488"
"A69-1601","62489"
"A69-1601","62490"
"A69-1601","62491"
"A69-1601","62492"
"A69-1601","62494"
"A69-1601","62496"
"A69-1601","62497"
"A69-1601","62500"
"A69-1601","62501"
"A69-1601","62503"
"A69-1601","62504"
"A69-1601","62505"
"A69-1601","62506"
"A69-1601","62507"
"A69-1601","62508"
"A69-1601","62509"
"A69-1601","62510"
"A69-1601","62511"
"A69-1601","62514"
"A69-1601","62517"
"A69-1601","62523"
"A69-1601","62524"
"A69-1601","62526"
"A69-1601","62527"
"A69-1601","62528"
"A69-1601","62529"
"A69-1601","62530"
"A69-1601","62533"
"A69-1601","62541"
"A69-1601","62542"
"A69-1601","62623"
"A69-1601","61102"
"A69-1601","62852"
"A69-1601","62951"
"A69-1601","16868"
"A69-1601","16870"
"A69-1601","16872"
"A69-1601","16874"
"A69-1601","16876"
"A69-1601","16878"
"A69-1601","16886"
"A69-1601","62986"
"A69-1601","62988"
"A69-1601","63014"
"A69-1601","63016"
"A69-1601","63033"
"A69-1601","63035"
"A69-1601","63036"
"A69-1601","63037"
"A69-1601","63076"
"A69-1601","61464"
"A69-1601","62407"
"A69-1601","62408"
"A69-1601","62409"
"A69-1601","62410"
"A69-1601","62411"
"A69-1601","62412"
"A69-1601","62414"
"A69-1601","62415"
"A69-1601","62416"
"A69-1601","62417"
"A69-1601","62421"
"A69-1601","62432"
"A69-1601","62433"
"A69-1601","62434"
"A69-1601","62436"
"A69-1601","12666"
"A69-1601","12670"
"A69-1601","12672"
"A69-1601","14802"
"A69-1601","14804"
"A69-1601","14810"
"A69-1601","14812"
"A69-1601","14814"
"A69-1601","14816"
"A69-1601","14818"
"A69-1601","14820"
"A69-1601","14826"
"A69-1601","14828"
"A69-1601","14830"
"A69-1601","14834"
"A69-1601","14838"
"A69-1601","14840"
"A69-1601","14842"
"A69-1601","14844"
"A69-1601","14846"
"A69-1601","14848"
"A69-1601","14850"
"A69-1601","16184"
"A69-1601","17072"
"A69-1601","12494"
"A69-1601","12552"
"A69-1601","12556"
"A69-1601","12560"
"A69-1601","12562"
"A69-1601","12564"
"A69-1601","12566"
"A69-1601","12790"
"A69-1601","12792"
"A69-1601","12794"
"A69-1601","62870"
"A69-1601","62871"
"A69-1601","62872"
"A69-1601","62878"
"A69-1601","62908"
"A69-1601","62909"
"A69-1601","62910"
"A69-1601","62958"
"A69-1601","62961"
