"","tag_code_space","tag_id_code"
"1","A69-1601","12174"
"2","A69-1601","62249"
"3","A69-1601","62244"
"4","A69-1601","62241"
"5","A69-1601","62240"
"6","A69-1601","62007"
"7","A69-1601","62741"
"8","A69-1601","62006"
"9","A69-1601","62243"
"10","A69-1601","62865"
"11","A69-1601","62038"
"12","A69-1601","62037"
"13","A69-1601","62247"
"14","A69-1601","62739"
"15","A69-1601","62254"
"16","A69-1601","62242"
"17","A69-1601","62858"
"18","A69-1601","62009"
"19","A69-1601","62248"
"20","A69-1601","62742"
"21","A69-1601","62039"
"22","A69-1601","62251"
"23","A69-1601","62250"
"24","A69-1601","62245"
"25","A69-1601","62740"
"26","A69-1601","12178"
"27","A69-1601","62246"
"28","A69-1601","62239"
"29","A69-1601","62252"
"30","A69-1601","62253"
"31","A69-1601","62765"
"32","A69-1601","62753"
"33","A69-1601","62766"
"34","A69-1601","62767"
"35","A69-1601","62768"
"36","A69-1601","62769"
"37","A69-1601","62764"
"38","A69-1601","62763"
"39","A69-1601","62762"
"40","A69-1601","62761"
"41","A69-1601","62760"
"42","A69-1601","62759"
"43","A69-1601","62758"
"44","A69-1601","62756"
"45","A69-1601","62755"
"46","A69-1601","62754"
"47","A69-1601","62752"
"48","A69-1601","62748"
"49","A69-1601","63460"
"50","A69-1601","62599"
"51","A69-1601","63464"
"52","A69-1601","63465"
"53","A69-1601","62600"
"54","A69-1601","63461"
"55","A69-1601","63462"
"56","A69-1601","62771"
"57","A69-1601","63458"
"58","A69-1601","63457"
"59","A69-1601","63463"
"60","A69-1601","63942"
"61","A69-1601","62097"
"62","A69-1601","62589"
"63","A69-1601","63937"
"64","A69-1601","62773"
"65","A69-1601","62772"
"66","A69-1601","62775"
"67","A69-1601","62588"
"68","A69-1601","62602"
"69","A69-1601","62747"
"70","A69-1601","63938"
"71","A69-1601","62770"
"72","A69-1601","63459"
"73","A69-1601","62605"
"74","A69-1601","62604"
"75","A69-1601","62590"
"76","A69-1601","62095"
"77","A69-1601","62596"
"78","A69-1601","62595"
"79","A69-1601","62603"
"80","A69-1601","62662"
"81","A69-1601","62593"
"82","A69-1601","62594"
"83","A69-1601","62606"
"84","A69-1601","62659"
"85","A69-1601","62660"
"86","A69-1601","62094"
"87","A69-1601","62592"
"88","A69-1601","62757"
"89","A69-1601","62587"
"90","A69-1601","62591"
"91","A69-1601","62661"
"92","A69-1601","62437"
"93","A69-1601","62347"
"94","A69-1601","62344"
"95","A69-1601","62442"
"96","A69-1601","62440"
"97","A69-1601","62346"
"98","A69-1601","62439"
"99","A69-1601","62444"
"100","A69-1601","62345"
"101","A69-1601","62438"
"102","A69-1601","62445"
"103","A69-1601","62441"
"104","A69-1601","62446"
"105","A69-1601","62746"
"106","A69-1601","62443"
"107","A69-1601","63265"
"108","A69-1601","63940"
"109","A69-1601","62096"
"110","A69-1601","63939"
"111","A69-1601","12570"
"112","A69-1601","63270"
"113","A69-1601","62435"
"114","A69-1601","12568"
"115","A69-1601","63941"
"116","A69-1601","62010"
"117","A69-1601","62020"
"118","A69-1601","63369"
"119","A69-1601","63388"
"120","A69-1601","63379"
"121","A69-1601","63352"
"122","A69-1601","63351"
"123","A69-1601","63354"
"124","A69-1601","63368"
"125","A69-1601","63381"
"126","A69-1601","63370"
"127","A69-1601","62328"
"128","A69-1601","63372"
"129","A69-1601","63332"
"130","A69-1601","63357"
"131","A69-1601","63353"
"132","A69-1601","63331"
"133","A69-1601","63387"
"134","A69-1601","62335"
"135","A69-1601","62325"
"136","A69-1601","63355"
"137","A69-1601","63330"
"138","A69-1601","63358"
"139","A69-1601","63383"
"140","A69-1601","63377"
"141","A69-1601","62337"
"142","A69-1601","62323"
"143","A69-1601","62324"
"144","A69-1601","63385"
"145","A69-1601","63378"
"146","A69-1601","63389"
"147","A69-1601","63367"
"148","A69-1601","63333"
"149","A69-1601","63356"
"150","A69-1601","62150"
"151","A69-1601","63390"
"152","A69-1601","63376"
"153","A69-1601","63365"
"154","A69-1601","63366"
"155","A69-1601","63386"
"156","A69-1601","62288"
"157","A69-1601","62332"
"158","A69-1601","62338"
"159","A69-1601","63384"
"160","A69-1601","62326"
"161","A69-1601","63382"
"162","A69-1601","62334"
"163","A69-1601","63371"
"164","A69-1601","62064"
"165","A69-1601","62077"
"166","A69-1601","62070"
"167","A69-1601","62074"
"168","A69-1601","62068"
"169","A69-1601","62067"
"170","A69-1601","62065"
"171","A69-1601","62075"
"172","A69-1601","62711"
"173","A69-1601","62691"
"174","A69-1601","62683"
"175","A69-1601","62695"
"176","A69-1601","62681"
"177","A69-1601","62704"
"178","A69-1601","62686"
"179","A69-1601","62692"
"180","A69-1601","62679"
"181","A69-1601","62690"
"182","A69-1601","62042"
"183","A69-1601","62673"
"184","A69-1601","62713"
"185","A69-1601","62707"
"186","A69-1601","62716"
"187","A69-1601","62702"
"188","A69-1601","62698"
"189","A69-1601","62709"
"190","A69-1601","62680"
"191","A69-1601","62689"
"192","A69-1601","62682"
"193","A69-1601","62045"
"194","A69-1601","62687"
"195","A69-1601","62046"
"196","A69-1601","62693"
"197","A69-1601","62034"
"198","A69-1601","62694"
"199","A69-1601","62137"
"200","A69-1601","62710"
"201","A69-1601","62043"
"202","A69-1601","63294"
"203","A69-1601","62701"
"204","A69-1601","62705"
"205","A69-1601","62688"
"206","A69-1601","62712"
"207","A69-1601","62697"
"208","A69-1601","62715"
"209","A69-1601","62714"
"210","A69-1601","62677"
"211","A69-1601","62675"
"212","A69-1601","62674"
"213","A69-1601","62138"
"214","A69-1601","62699"
"215","A69-1601","62135"
"216","A69-1601","62635"
"217","A69-1601","62676"
"218","A69-1601","62685"
"219","A69-1601","62703"
"220","A69-1601","62706"
"221","A69-1601","62696"
"222","A69-1601","62846"
"223","A69-1601","62708"
"224","A69-1601","62700"
"225","A69-1601","62838"
"226","A69-1601","62044"
"227","A69-1601","62848"
"228","A69-1601","62040"
"229","A69-1601","62641"
"230","A69-1601","62832"
"231","A69-1601","62665"
"232","A69-1601","62636"
"233","A69-1601","62860"
"234","A69-1601","62853"
"235","A69-1601","62041"
"236","A69-1601","62837"
"237","A69-1601","62830"
"238","A69-1601","62835"
"239","A69-1601","62840"
"240","A69-1601","62859"
"241","A69-1601","62854"
"242","A69-1601","62862"
"243","A69-1601","62863"
"244","A69-1601","62834"
"245","A69-1601","62831"
"246","A69-1601","63290"
"247","A69-1601","62845"
"248","A69-1601","62829"
"249","A69-1601","62563"
"250","A69-1601","62552"
"251","A69-1601","62584"
"252","A69-1601","62601"
"253","A69-1601","62598"
"254","A69-1601","62607"
"255","A69-1601","62597"
"256","A69-1601","62559"
"257","A69-1601","62562"
"258","A69-1601","62585"
"259","A69-1601","62560"
"260","A69-1601","62561"
"261","A69-1601","62873"
"262","A69-1601","62866"
"263","A69-1601","62864"
"264","A69-1601","62876"
"265","A69-1601","62867"
"266","A69-1601","63296"
"267","A69-1601","62849"
"268","A69-1601","63292"
"269","A69-1601","62032"
"270","A69-1601","63291"
"271","A69-1601","63302"
"272","A69-1601","62499"
"273","A69-1601","62877"
