V1,V2
A69-1601-12170,NexTrak-R1-800078
A69-1601-12172,NexTrak-R1-800079
A69-1601-12174,NexTrak-R1-800080
A69-1601-12176,NexTrak-R1-800081
A69-1601-12178,NexTrak-R1-800082
A69-1601-12180,NexTrak-R1-800084
A69-1601-12182,NexTrak-R1-800085
A69-1601-12184,NexTrak-R1-800086
A69-1601-12618,NexTrak-R1-800274
A69-1601-12620,NexTrak-R1-800275
A69-1601-12622,NexTrak-R1-800276
A69-1601-12624,NexTrak-R1-800277
A69-1601-12568,NexTrak-R1-800278
A69-1601-12570,NexTrak-R1-800279
A69-1601-12572,NexTrak-R1-800280
A69-1601-12576,NexTrak-R1-800282
A69-1601-12578,NexTrak-R1-800283
A69-1601-12580,NexTrak-R1-800284
A69-1601-12588,NexTrak-R1-800288
A69-1601-12592,NexTrak-R1-800290
A69-1601-12604,NexTrak-R1-800296
A69-1601-12612,NexTrak-R1-800300
A69-1601-12616,NexTrak-R1-800302
A69-1601-12668,NexTrak-R1-800471
A69-1601-13408,NexTrak-R1-800522
A69-1601-14806,NexTrak-R1-801453
A69-1601-14808,NexTrak-R1-801454
A69-1601-14822,NexTrak-R1-801461
A69-1601-14824,NexTrak-R1-801462
A69-1601-14832,NexTrak-R1-801466
A69-1601-14836,NexTrak-R1-801468
A69-1601-15872,NexTrak-R1-801857
A69-1601-15874,NexTrak-R1-801858
A69-1601-15876,NexTrak-R1-801860
A69-1601-15878,NexTrak-R1-801861
A69-1601-15880,NexTrak-R1-801862
A69-1601-15882,NexTrak-R1-801863
A69-1601-15884,NexTrak-R1-801864
A69-1601-15886,NexTrak-R1-801865
A69-1601-15888,NexTrak-R1-801868
A69-1601-15890,NexTrak-R1-801869
A69-1601-15892,NexTrak-R1-801870
A69-1601-15894,NexTrak-R1-801871
A69-1601-15896,NexTrak-R1-801872
A69-1601-16866,NexTrak-R1-802465
A69-1601-16880,NexTrak-R1-802472
A69-1601-16882,NexTrak-R1-802473
A69-1601-16884,NexTrak-R1-802474
A69-1601-16888,NexTrak-R1-802476
A69-1601-17054,NexTrak-R1-802713
A69-1601-17056,NexTrak-R1-802714
A69-1601-17058,NexTrak-R1-802715
A69-1601-17060,NexTrak-R1-802716
A69-1601-17062,NexTrak-R1-802717
A69-1601-17064,NexTrak-R1-802718
A69-1601-17066,NexTrak-R1-802719
A69-1601-17068,NexTrak-R1-802720
A69-1601-17070,NexTrak-R1-802721
A69-1601-17074,NexTrak-R1-802723
A69-1601-17892,NexTrak-R1-803077
A69-1601-17898,NexTrak-R1-803080
A69-1601-17904,NexTrak-R1-803083
A69-1601-17906,NexTrak-R1-803084
A69-1601-12000,NexTrak-R1-803121
A69-1601-12002,NexTrak-R1-803122
A69-1601-12004,NexTrak-R1-803123
A69-1601-12006,NexTrak-R1-803124
A69-1601-12008,NexTrak-R1-803125
A69-1601-12010,NexTrak-R1-803182
A69-1601-12010,NexTrak-R1-803182
A69-1601-12014,NexTrak-R1-803184
A69-1601-12014,NexTrak-R1-803184
A69-1601-12016,NexTrak-R1-803185
A69-1601-12016,NexTrak-R1-803185
A69-1601-12018,NexTrak-R1-803186
A69-1601-12018,NexTrak-R1-803186
A69-1601-12020,NexTrak-R1-803187
A69-1601-12020,NexTrak-R1-803187
A69-1601-12022,NexTrak-R1-803188
A69-1601-12022,NexTrak-R1-803188
A69-1601-12024,NexTrak-R1-803189
A69-1601-12024,NexTrak-R1-803189
A69-1601-12026,NexTrak-R1-803190
A69-1601-12026,NexTrak-R1-803190
A69-1601-12028,NexTrak-R1-803191
A69-1601-12028,NexTrak-R1-803191
A69-1601-12110,NexTrak-R1-803202
A69-1601-12110,NexTrak-R1-803202
A69-1601-12112,NexTrak-R1-803203
A69-1601-12112,NexTrak-R1-803203
A69-1601-12114,NexTrak-R1-803204
A69-1601-12114,NexTrak-R1-803204
A69-1601-12118,NexTrak-R1-803206
A69-1601-12118,NexTrak-R1-803206
A69-1601-12122,NexTrak-R1-803208
A69-1601-12122,NexTrak-R1-803208
A69-1601-12124,NexTrak-R1-803209
A69-1601-12124,NexTrak-R1-803209
A69-1601-12130,NexTrak-R1-803221
A69-1601-12134,NexTrak-R1-803223
A69-1601-12136,NexTrak-R1-803224
A69-1601-12148,NexTrak-R1-803230
A69-1601-12156,NexTrak-R1-803234
A69-1601-12168,NexTrak-R1-803240
A69-1601-12190,NexTrak-R1-803243
A69-1601-12796,NexTrak-R1-803759
A69-1601-12974,NexTrak-R1-804013
A69-1601-12976,NexTrak-R1-804014
A69-1601-12978,NexTrak-R1-804015
A69-1601-12980,NexTrak-R1-804016
A69-1601-13004,NexTrak-R1-804028
A69-1601-60075,VR2AR-545611
A69-1601-60127,VR2AR-545663
A69-1601-61352,VR2AR-546888
A69-1601-61436,VR2AR-546972
A69-1601-60413,VR2AR-549957
A69-1601-61118,VR2AR-553775
A69-1601-61119,VR2AR-553776
A69-1601-62064,VR2Tx-480064
A69-1601-62064,VR2Tx-480064
A69-1601-62065,VR2Tx-480065
A69-1601-62065,VR2Tx-480065
A69-1601-62066,VR2Tx-480066
A69-1601-62067,VR2Tx-480067
A69-1601-62067,VR2Tx-480067
A69-1601-62068,VR2Tx-480068
A69-1601-62068,VR2Tx-480068
A69-1601-62069,VR2Tx-480069
A69-1601-62070,VR2Tx-480070
A69-1601-62070,VR2Tx-480070
A69-1601-62071,VR2Tx-480071
A69-1601-62072,VR2Tx-480072
A69-1601-62073,VR2Tx-480073
A69-1601-62074,VR2Tx-480074
A69-1601-62074,VR2Tx-480074
A69-1601-62075,VR2Tx-480075
A69-1601-62075,VR2Tx-480075
A69-1601-62076,VR2Tx-480076
A69-1601-62077,VR2Tx-480077
A69-1601-62077,VR2Tx-480077
A69-1601-62078,VR2Tx-480078
A69-1601-62310,VR2Tx-480310
A69-1601-62673,VR2Tx-480673
A69-1601-62674,VR2Tx-480674
A69-1601-62674,VR2Tx-480674
A69-1601-62675,VR2Tx-480675
A69-1601-62676,VR2Tx-480676
A69-1601-62677,VR2Tx-480677
A69-1601-62678,VR2Tx-480678
A69-1601-62678,VR2Tx-480678
A69-1601-62679,VR2Tx-480679
A69-1601-62680,VR2Tx-480680
A69-1601-62681,VR2Tx-480681
A69-1601-62682,VR2Tx-480682
A69-1601-62682,VR2Tx-480682
A69-1601-62684,VR2Tx-480684
A69-1601-62684,VR2Tx-480684
A69-1601-62685,VR2Tx-480685
A69-1601-62685,VR2Tx-480685
A69-1601-62686,VR2Tx-480686
A69-1601-62687,VR2Tx-480687
A69-1601-62688,VR2Tx-480688
A69-1601-62689,VR2Tx-480689
A69-1601-62689,VR2Tx-480689
A69-1601-62690,VR2Tx-480690
A69-1601-62690,VR2Tx-480690
A69-1601-62691,VR2Tx-480691
A69-1601-62692,VR2Tx-480692
A69-1601-62693,VR2Tx-480693
A69-1601-62694,VR2Tx-480694
A69-1601-62695,VR2Tx-480695
A69-1601-62696,VR2Tx-480696
A69-1601-62697,VR2Tx-480697
A69-1601-62698,VR2Tx-480698
A69-1601-62699,VR2Tx-480699
A69-1601-62700,VR2Tx-480700
A69-1601-62701,VR2Tx-480701
A69-1601-62702,VR2Tx-480702
A69-1601-62702,VR2Tx-480702
A69-1601-62703,VR2Tx-480703
A69-1601-62704,VR2Tx-480704
A69-1601-62705,VR2Tx-480705
A69-1601-62705,VR2Tx-480705
A69-1601-62706,VR2Tx-480706
A69-1601-62707,VR2Tx-480707
A69-1601-62708,VR2Tx-480708
A69-1601-62709,VR2Tx-480709
A69-1601-62710,VR2Tx-480710
A69-1601-62711,VR2Tx-480711
A69-1601-62712,VR2Tx-480712
A69-1601-62713,VR2Tx-480713
A69-1601-62714,VR2Tx-480714
A69-1601-62715,VR2Tx-480715
A69-1601-62716,VR2Tx-480716
A69-1601-62752,VR2Tx-480752
A69-1601-62752,VR2Tx-480752
A69-1601-62753,VR2Tx-480753
A69-1601-62753,VR2Tx-480753
A69-1601-62754,VR2Tx-480754
A69-1601-62754,VR2Tx-480754
A69-1601-62755,VR2Tx-480755
A69-1601-62755,VR2Tx-480755
A69-1601-62756,VR2Tx-480756
A69-1601-62756,VR2Tx-480756
A69-1601-62757,VR2Tx-480757
A69-1601-62758,VR2Tx-480758
A69-1601-62758,VR2Tx-480758
A69-1601-62759,VR2Tx-480759
A69-1601-62759,VR2Tx-480759
A69-1601-62760,VR2Tx-480760
A69-1601-62760,VR2Tx-480760
A69-1601-62761,VR2Tx-480761
A69-1601-62761,VR2Tx-480761
A69-1601-62762,VR2Tx-480762
A69-1601-62762,VR2Tx-480762
A69-1601-62763,VR2Tx-480763
A69-1601-62763,VR2Tx-480763
A69-1601-62764,VR2Tx-480764
A69-1601-62764,VR2Tx-480764
A69-1601-62765,VR2Tx-480765
A69-1601-62765,VR2Tx-480765
A69-1601-62766,VR2Tx-480766
A69-1601-62766,VR2Tx-480766
A69-1601-62767,VR2Tx-480767
A69-1601-62767,VR2Tx-480767
A69-1601-62768,VR2Tx-480768
A69-1601-62768,VR2Tx-480768
A69-1601-62768,VR2Tx-480768
A69-1601-62769,VR2Tx-480769
A69-1601-62769,VR2Tx-480769
A69-1601-62769,VR2Tx-480769
A69-1601-62770,VR2Tx-480770
A69-1601-62770,VR2Tx-480770
A69-1601-62771,VR2Tx-480771
A69-1601-62771,VR2Tx-480771
A69-1601-62879,VR2Tx-480879
A69-1601-62880,VR2Tx-480880
A69-1601-62882,VR2Tx-480882
A69-1601-62915,VR2Tx-480915
A69-1601-62918,VR2Tx-480918
A69-1601-62920,VR2Tx-480920
A69-1601-62921,VR2Tx-480921
A69-1601-62922,VR2Tx-480922
A69-1601-62923,VR2Tx-480923
A69-1601-63289,VR2Tx-481289
A69-1601-63290,VR2Tx-481290
A69-1601-63290,VR2Tx-481290
A69-1601-63291,VR2Tx-481291
A69-1601-63292,VR2Tx-481292
A69-1601-63293,VR2Tx-481293
A69-1601-63294,VR2Tx-481294
A69-1601-63295,VR2Tx-481295
A69-1601-63296,VR2Tx-481296
A69-1601-63297,VR2Tx-481297
A69-1601-63298,VR2Tx-481298
A69-1601-63299,VR2Tx-481299
A69-1601-63300,VR2Tx-481300
A69-1601-63301,VR2Tx-481301
A69-1601-63302,VR2Tx-481302
A69-1601-63457,VR2Tx-481457
A69-1601-63457,VR2Tx-481457
A69-1601-63458,VR2Tx-481458
A69-1601-63458,VR2Tx-481458
A69-1601-63459,VR2Tx-481459
A69-1601-63459,VR2Tx-481459
A69-1601-63459,VR2Tx-481459
A69-1601-63460,VR2Tx-481460
A69-1601-63460,VR2Tx-481460
A69-1601-63461,VR2Tx-481461
A69-1601-63461,VR2Tx-481461
A69-1601-63462,VR2Tx-481462
A69-1601-63462,VR2Tx-481462
A69-1601-63463,VR2Tx-481463
A69-1601-63463,VR2Tx-481463
A69-1601-63464,VR2Tx-481464
A69-1601-63464,VR2Tx-481464
A69-1601-63465,VR2Tx-481465
A69-1601-63465,VR2Tx-481465
A69-1601-63470,VR2Tx-481470
A69-1601-63470,VR2Tx-481470
A69-1601-63471,VR2Tx-481471
A69-1601-63472,VR2Tx-481472
A69-1601-63473,VR2Tx-481473
A69-1601-63474,VR2Tx-481474
A69-1601-63475,VR2Tx-481475
A69-1601-63476,VR2Tx-481476
A69-1601-63477,VR2Tx-481477
A69-1601-63478,VR2Tx-481478
A69-1601-63479,VR2Tx-481479
A69-1601-63480,VR2Tx-481480
A69-1601-63481,VR2Tx-481481
A69-1601-63482,VR2Tx-481482
A69-1601-63483,VR2Tx-481483
A69-1601-63484,VR2Tx-481484
A69-1601-63791,VR2Tx-481791
A69-1601-63792,VR2Tx-481792
A69-1601-63793,VR2Tx-481793
A69-1601-63794,VR2Tx-481794
A69-1601-63795,VR2Tx-481795
A69-1601-63796,VR2Tx-481796
A69-1601-62116,VR2Tx-482116
A69-1601-62117,VR2Tx-482117
A69-1601-62135,VR2Tx-482135
A69-1601-62136,VR2Tx-482136
A69-1601-62137,VR2Tx-482137
A69-1601-62138,VR2Tx-482138
A69-1601-62145,VR2Tx-482145
A69-1601-62148,VR2Tx-482148
A69-1601-62149,VR2Tx-482149
A69-1601-62150,VR2Tx-482150
A69-1601-62150,VR2Tx-482150
A69-1601-62365,VR2Tx-482365
A69-1601-62366,VR2Tx-482366
A69-1601-62367,VR2Tx-482367
A69-1601-62369,VR2Tx-482369
A69-1601-62370,VR2Tx-482370
A69-1601-62372,VR2Tx-482372
A69-1601-62373,VR2Tx-482373
A69-1601-62377,VR2Tx-482377
A69-1601-62380,VR2Tx-482380
A69-1601-62413,VR2Tx-482413
A69-1601-62418,VR2Tx-482418
A69-1601-62419,VR2Tx-482419
A69-1601-62420,VR2Tx-482420
A69-1601-62569,VR2Tx-482569
A69-1601-62570,VR2Tx-482570
A69-1601-62571,VR2Tx-482571
A69-1601-62650,VR2Tx-482650
A69-1601-62764,VR2Tx-482812
A69-1601-63082,VR2Tx-483082
A69-1601-63083,VR2Tx-483083
A69-1601-63084,VR2Tx-483084
A69-1601-63085,VR2Tx-483085
A69-1601-63087,VR2Tx-483087
A69-1601-63088,VR2Tx-483088
A69-1601-63094,VR2Tx-483094
A69-1601-63231,VR2Tx-483231
A69-1601-63232,VR2Tx-483232
A69-1601-63233,VR2Tx-483233
A69-1601-63234,VR2Tx-483234
A69-1601-63235,VR2Tx-483235
A69-1601-63421,VR2Tx-483421
A69-1601-63422,VR2Tx-483422
A69-1601-63424,VR2Tx-483424
A69-1601-63425,VR2Tx-483425
A69-1601-63426,VR2Tx-483426
A69-1601-63427,VR2Tx-483427
A69-1601-63428,VR2Tx-483428
A69-1601-63429,VR2Tx-483429
A69-1601-63430,VR2Tx-483430
A69-1601-63431,VR2Tx-483431
A69-1601-63432,VR2Tx-483432
A69-1601-63434,VR2Tx-483434
A69-1601-63436,VR2Tx-483436
A69-1601-63437,VR2Tx-483437
A69-1601-63438,VR2Tx-483438
A69-1601-63439,VR2Tx-483439
A69-1601-63440,VR2Tx-483440
A69-1601-63441,VR2Tx-483441
A69-1601-63442,VR2Tx-483442
A69-1601-63443,VR2Tx-483443
A69-1601-63443,VR2Tx-483443
A69-1601-63444,VR2Tx-483444
A69-1601-63567,VR2Tx-483567
A69-1601-63568,VR2Tx-483568
A69-1601-63570,VR2Tx-483570
A69-1601-63571,VR2Tx-483571
A69-1601-63571,VR2Tx-483571
A69-1601-63572,VR2Tx-483572
A69-1601-63573,VR2Tx-483573
A69-1601-63575,VR2Tx-483575
A69-1601-63575,VR2Tx-483575
A69-1601-63576,VR2Tx-483576
A69-1601-63576,VR2Tx-483576
A69-1601-63659,VR2Tx-483659
A69-1601-63660,VR2Tx-483660
A69-1601-63661,VR2Tx-483661
A69-1601-63664,VR2Tx-483664
A69-1601-63665,VR2Tx-483665
A69-1601-63666,VR2Tx-483666
A69-1601-62449,VR2Tx-484449
A69-1601-62450,VR2Tx-484450
A69-1601-62451,VR2Tx-484451
A69-1601-62452,VR2Tx-484452
A69-1601-62453,VR2Tx-484453
A69-1601-62454,VR2Tx-484454
A69-1601-62455,VR2Tx-484455
A69-1601-62456,VR2Tx-484456
A69-1601-62457,VR2Tx-484457
A69-1601-62458,VR2Tx-484458
A69-1601-62459,VR2Tx-484459
A69-1601-62460,VR2Tx-484460
A69-1601-62461,VR2Tx-484461
A69-1601-62462,VR2Tx-484462
A69-1601-62463,VR2Tx-484463
A69-1601-62464,VR2Tx-484464
A69-1601-62465,VR2Tx-484465
A69-1601-62466,VR2Tx-484466
A69-1601-62467,VR2Tx-484467
A69-1601-62468,VR2Tx-484468
A69-1601-62048,VR2Tx-484536
A69-1601-62049,VR2Tx-484537
A69-1601-62094,VR2Tx-484546
A69-1601-62095,VR2Tx-484547
A69-1601-62096,VR2Tx-484548
A69-1601-62097,VR2Tx-484549
A69-1601-62399,VR2Tx-484881
A69-1601-62400,VR2Tx-484882
A69-1601-62401,VR2Tx-484883
A69-1601-62402,VR2Tx-484884
A69-1601-62403,VR2Tx-484885
A69-1601-62498,VR2Tx-484959
A69-1601-62499,VR2Tx-484960
A69-1601-62535,VR2Tx-485116
A69-1601-62536,VR2Tx-485117
A69-1601-62537,VR2Tx-485118
A69-1601-62538,VR2Tx-485119
A69-1601-62543,VR2Tx-485170
A69-1601-62544,VR2Tx-485171
A69-1601-62544,VR2Tx-485171
A69-1601-62545,VR2Tx-485172
A69-1601-62545,VR2Tx-485172
A69-1601-62546,VR2Tx-485173
A69-1601-62546,VR2Tx-485173
A69-1601-62547,VR2Tx-485174
A69-1601-62548,VR2Tx-485175
A69-1601-62548,VR2Tx-485175
A69-1601-62549,VR2Tx-485176
A69-1601-62550,VR2Tx-485177
A69-1601-62551,VR2Tx-485178
A69-1601-62578,VR2Tx-485179
A69-1601-62579,VR2Tx-485180
A69-1601-62580,VR2Tx-485181
A69-1601-62581,VR2Tx-485182
A69-1601-62582,VR2Tx-485183
A69-1601-62608,VR2Tx-485185
A69-1601-62610,VR2Tx-485186
A69-1601-62610,VR2Tx-485186
A69-1601-62611,VR2Tx-485187
A69-1601-62613,VR2Tx-485189
A69-1601-62614,VR2Tx-485190
A69-1601-62615,VR2Tx-485191
A69-1601-62617,VR2Tx-485193
A69-1601-62618,VR2Tx-485194
A69-1601-62618,VR2Tx-485194
A69-1601-62619,VR2Tx-485195
A69-1601-62619,VR2Tx-485195
A69-1601-62620,VR2Tx-485196
A69-1601-62620,VR2Tx-485196
A69-1601-62644,VR2Tx-485198
A69-1601-62644,VR2Tx-485198
A69-1601-62645,VR2Tx-485199
A69-1601-62645,VR2Tx-485199
A69-1601-62646,VR2Tx-485200
A69-1601-62646,VR2Tx-485200
A69-1601-62647,VR2Tx-485201
A69-1601-62647,VR2Tx-485201
A69-1601-62648,VR2Tx-485202
A69-1601-62648,VR2Tx-485202
A69-1601-62649,VR2Tx-485203
A69-1601-62652,VR2Tx-485204
A69-1601-62654,VR2Tx-485206
A69-1601-62655,VR2Tx-485207
A69-1601-62655,VR2Tx-485207
A69-1601-62656,VR2Tx-485208
A69-1601-62657,VR2Tx-485209
A69-1601-62658,VR2Tx-485210
A69-1601-62659,VR2Tx-485211
A69-1601-62660,VR2Tx-485212
A69-1601-62661,VR2Tx-485213
A69-1601-62053,VR2Tx-485225
A69-1601-62054,VR2Tx-485226
A69-1601-62055,VR2Tx-485227
A69-1601-62747,VR2Tx-485277
A69-1601-62748,VR2Tx-485278
A69-1601-62772,VR2Tx-485282
A69-1601-62773,VR2Tx-485283
A69-1601-62775,VR2Tx-485285
A69-1601-62323,VR2Tx-485325
A69-1601-62324,VR2Tx-485326
A69-1601-62325,VR2Tx-485327
A69-1601-62328,VR2Tx-485330
A69-1601-62335,VR2Tx-485337
A69-1601-62337,VR2Tx-485339
A69-1601-62858,VR2Tx-485466
A69-1601-62859,VR2Tx-485467
A69-1601-62860,VR2Tx-485468
A69-1601-62861,VR2Tx-485469
A69-1601-62862,VR2Tx-485470
A69-1601-62863,VR2Tx-485471
A69-1601-62864,VR2Tx-485472
A69-1601-62865,VR2Tx-485473
A69-1601-62866,VR2Tx-485474
A69-1601-62867,VR2Tx-485475
A69-1601-62873,VR2Tx-485476
A69-1601-62874,VR2Tx-485477
A69-1601-62875,VR2Tx-485478
A69-1601-62876,VR2Tx-485479
A69-1601-62877,VR2Tx-485480
A69-1601-63017,VR2Tx-485732
A69-1601-63265,VR2Tx-486235
A69-1601-63270,VR2Tx-486240
A69-1601-63278,VR2Tx-486248
A69-1601-63330,VR2Tx-486464
A69-1601-63331,VR2Tx-486465
A69-1601-63332,VR2Tx-486466
A69-1601-63333,VR2Tx-486467
A69-1601-63351,VR2Tx-486470
A69-1601-63352,VR2Tx-486471
A69-1601-63353,VR2Tx-486472
A69-1601-63354,VR2Tx-486473
A69-1601-63355,VR2Tx-486474
A69-1601-63356,VR2Tx-486475
A69-1601-63357,VR2Tx-486476
A69-1601-63358,VR2Tx-486477
A69-1601-63365,VR2Tx-486481
A69-1601-63366,VR2Tx-486482
A69-1601-63367,VR2Tx-486483
A69-1601-63368,VR2Tx-486484
A69-1601-63369,VR2Tx-486485
A69-1601-63370,VR2Tx-486486
A69-1601-63371,VR2Tx-486487
A69-1601-63372,VR2Tx-486488
A69-1601-63373,VR2Tx-486489
A69-1601-63376,VR2Tx-486492
A69-1601-63377,VR2Tx-486493
A69-1601-63378,VR2Tx-486494
A69-1601-63379,VR2Tx-486495
A69-1601-63381,VR2Tx-486497
A69-1601-63381,VR2Tx-486497
A69-1601-63382,VR2Tx-486498
A69-1601-63383,VR2Tx-486499
A69-1601-63384,VR2Tx-486500
A69-1601-63385,VR2Tx-486501
A69-1601-63386,VR2Tx-486502
A69-1601-63387,VR2Tx-486503
A69-1601-63388,VR2Tx-486504
A69-1601-63389,VR2Tx-486505
A69-1601-63390,VR2Tx-486506
A69-1601-63566,VR2Tx-486757
A69-1601-63567,VR2Tx-486758
A69-1601-63570,VR2Tx-486761
A69-1601-63598,VR2Tx-486769
A69-1601-63600,VR2Tx-486771
A69-1601-63601,VR2Tx-486772
A69-1601-63602,VR2Tx-486773
A69-1601-63603,VR2Tx-486774
A69-1601-63604,VR2Tx-486775
A69-1601-63615,VR2Tx-486786
A69-1601-63616,VR2Tx-486787
A69-1601-63667,VR2Tx-486790
A69-1601-63669,VR2Tx-486792
A69-1601-63671,VR2Tx-486794
A69-1601-63674,VR2Tx-486797
A69-1601-63676,VR2Tx-486799
A69-1601-63677,VR2Tx-486800
A69-1601-63680,VR2Tx-486803
A69-1601-63685,VR2Tx-486859
A69-1601-63902,VR2Tx-486920
A69-1601-63902,VR2Tx-486920
A69-1601-63915,VR2Tx-486988
A69-1601-63916,VR2Tx-486989
A69-1601-63917,VR2Tx-486990
A69-1601-63918,VR2Tx-486991
A69-1601-63919,VR2Tx-486992
A69-1601-63920,VR2Tx-486993
A69-1601-63921,VR2Tx-486994
A69-1601-63922,VR2Tx-486995
A69-1601-63923,VR2Tx-486996
A69-1601-63924,VR2Tx-486997
A69-1601-63925,VR2Tx-486998
A69-1601-63926,VR2Tx-486999
A69-1601-63927,VR2Tx-487000
A69-1601-63928,VR2Tx-487001
A69-1601-63929,VR2Tx-487002
A69-1601-63930,VR2Tx-487003
A69-1601-63931,VR2Tx-487004
A69-1601-63932,VR2Tx-487005
A69-1601-63933,VR2Tx-487006
A69-1601-63934,VR2Tx-487007
A69-1601-63937,VR2Tx-487010
A69-1601-63938,VR2Tx-487011
A69-1601-63939,VR2Tx-487012
A69-1601-63940,VR2Tx-487013
A69-1601-63941,VR2Tx-487014
A69-1601-63942,VR2Tx-487015
A69-1601-63945,VR2Tx-487030
A69-1601-63946,VR2Tx-487031
A69-1601-63947,VR2Tx-487032
A69-1601-63948,VR2Tx-487033
A69-1601-62006,VR2Tx-487136
A69-1601-62007,VR2Tx-487137
A69-1601-62008,VR2Tx-487138
A69-1601-62009,VR2Tx-487139
A69-1601-62010,VR2Tx-487140
A69-1601-62032,VR2Tx-487141
A69-1601-62033,VR2Tx-487142
A69-1601-62034,VR2Tx-487143
A69-1601-62035,VR2Tx-487144
A69-1601-62036,VR2Tx-487145
A69-1601-62037,VR2Tx-487146
A69-1601-62038,VR2Tx-487147
A69-1601-62039,VR2Tx-487148
A69-1601-62040,VR2Tx-487149
A69-1601-62041,VR2Tx-487150
A69-1601-62042,VR2Tx-487151
A69-1601-62043,VR2Tx-487152
A69-1601-62044,VR2Tx-487153
A69-1601-62045,VR2Tx-487154
A69-1601-62046,VR2Tx-487155
A69-1601-62010,VR2Tx-487209
A69-1601-62020,VR2Tx-487218
A69-1601-62254,VR2Tx-487504
A69-1601-62255,VR2Tx-487505
A69-1601-62026,VR2Tx-487662
A69-1601-62083,VR2Tx-488153
A69-1601-62085,VR2Tx-488155
A69-1601-62086,VR2Tx-488156
A69-1601-62089,VR2Tx-488159
A69-1601-62090,VR2Tx-488160
A69-1601-62091,VR2Tx-488161
A69-1601-62091,VR2Tx-488161
A69-1601-62092,VR2Tx-488162
A69-1601-62093,VR2Tx-488163
A69-1601-62094,VR2Tx-488164
A69-1601-62095,VR2Tx-488165
A69-1601-62096,VR2Tx-488166
A69-1601-62097,VR2Tx-488167
A69-1601-62098,VR2Tx-488168
A69-1601-62099,VR2Tx-488169
A69-1601-62100,VR2Tx-488170
A69-1601-62102,VR2Tx-488172
A69-1601-62103,VR2Tx-488173
A69-1601-62104,VR2Tx-488174
A69-1601-62105,VR2Tx-488175
A69-1601-62106,VR2Tx-488176
A69-1601-62107,VR2Tx-488177
A69-1601-62118,VR2Tx-488180
A69-1601-62121,VR2Tx-488183
A69-1601-62122,VR2Tx-488184
A69-1601-62124,VR2Tx-488186
A69-1601-62125,VR2Tx-488187
A69-1601-62127,VR2Tx-488188
A69-1601-62129,VR2Tx-488190
A69-1601-62130,VR2Tx-488191
A69-1601-62131,VR2Tx-488192
A69-1601-62132,VR2Tx-488193
A69-1601-62134,VR2Tx-488195
A69-1601-62139,VR2Tx-488200
A69-1601-62143,VR2Tx-488204
A69-1601-62154,VR2Tx-488208
A69-1601-62155,VR2Tx-488209
A69-1601-62164,VR2Tx-488218
A69-1601-62168,VR2Tx-488222
A69-1601-62169,VR2Tx-488223
A69-1601-62170,VR2Tx-488224
A69-1601-62171,VR2Tx-488225
A69-1601-62178,VR2Tx-488232
A69-1601-62179,VR2Tx-488233
A69-1601-62180,VR2Tx-488234
A69-1601-62181,VR2Tx-488235
A69-1601-62393,VR2Tx-488311
A69-1601-62395,VR2Tx-488313
A69-1601-62395,VR2Tx-488313
A69-1601-62396,VR2Tx-488314
A69-1601-62396,VR2Tx-488314
A69-1601-62397,VR2Tx-488315
A69-1601-62397,VR2Tx-488315
A69-1601-62398,VR2Tx-488316
A69-1601-62399,VR2Tx-488317
A69-1601-62399,VR2Tx-488317
A69-1601-62400,VR2Tx-488318
A69-1601-62401,VR2Tx-488319
A69-1601-62402,VR2Tx-488320
A69-1601-62402,VR2Tx-488320
A69-1601-62403,VR2Tx-488321
A69-1601-62403,VR2Tx-488321
A69-1601-62208,VR2Tx-488509
A69-1601-62210,VR2Tx-488511
A69-1601-62212,VR2Tx-488513
A69-1601-62217,VR2Tx-488522
A69-1601-62239,VR2Tx-488689
A69-1601-62240,VR2Tx-488690
A69-1601-62241,VR2Tx-488691
A69-1601-62242,VR2Tx-488692
A69-1601-62243,VR2Tx-488693
A69-1601-62244,VR2Tx-488694
A69-1601-62245,VR2Tx-488695
A69-1601-62246,VR2Tx-488696
A69-1601-62247,VR2Tx-488697
A69-1601-62248,VR2Tx-488698
A69-1601-62249,VR2Tx-488699
A69-1601-62250,VR2Tx-488700
A69-1601-62251,VR2Tx-488701
A69-1601-62252,VR2Tx-488702
A69-1601-62253,VR2Tx-488703
A69-1601-62254,VR2Tx-488704
A69-1601-62288,VR2Tx-488842
A69-1601-62317,VR2Tx-488850
A69-1601-62321,VR2Tx-488854
A69-1601-62324,VR2Tx-488857
A69-1601-62325,VR2Tx-488858
A69-1601-62326,VR2Tx-488859
A69-1601-62331,VR2Tx-488860
A69-1601-62332,VR2Tx-488861
A69-1601-62334,VR2Tx-488863
A69-1601-62338,VR2Tx-488866
A69-1601-62344,VR2Tx-489037
A69-1601-62345,VR2Tx-489038
A69-1601-62346,VR2Tx-489039
A69-1601-62347,VR2Tx-489040
A69-1601-62557,VR2Tx-489069
A69-1601-62558,VR2Tx-489070
A69-1601-62562,VR2Tx-489071
A69-1601-62564,VR2Tx-489072
A69-1601-62564,VR2Tx-489072
A69-1601-62565,VR2Tx-489073
A69-1601-62566,VR2Tx-489074
A69-1601-62567,VR2Tx-489075
A69-1601-62568,VR2Tx-489076
A69-1601-62569,VR2Tx-489077
A69-1601-62570,VR2Tx-489078
A69-1601-62571,VR2Tx-489079
A69-1601-62572,VR2Tx-489080
A69-1601-62573,VR2Tx-489081
A69-1601-62574,VR2Tx-489082
A69-1601-62575,VR2Tx-489083
A69-1601-62576,VR2Tx-489084
A69-1601-62577,VR2Tx-489085
A69-1601-62578,VR2Tx-489086
A69-1601-62579,VR2Tx-489087
A69-1601-62348,VR2Tx-489093
A69-1601-62349,VR2Tx-489094
A69-1601-62350,VR2Tx-489095
A69-1601-62351,VR2Tx-489096
A69-1601-62362,VR2Tx-489097
A69-1601-62364,VR2Tx-489099
A69-1601-62384,VR2Tx-489101
A69-1601-62385,VR2Tx-489102
A69-1601-62386,VR2Tx-489103
A69-1601-62387,VR2Tx-489104
A69-1601-62388,VR2Tx-489105
A69-1601-62389,VR2Tx-489106
A69-1601-62390,VR2Tx-489107
A69-1601-62390,VR2Tx-489107
A69-1601-62391,VR2Tx-489108
A69-1601-62392,VR2Tx-489109
A69-1601-62393,VR2Tx-489110
A69-1601-62394,VR2Tx-489111
A69-1601-62395,VR2Tx-489112
A69-1601-62396,VR2Tx-489113
A69-1601-62397,VR2Tx-489114
A69-1601-62398,VR2Tx-489115
A69-1601-62404,VR2Tx-489116
A69-1601-62405,VR2Tx-489117
A69-1601-62422,VR2Tx-489118
A69-1601-62423,VR2Tx-489119
A69-1601-62424,VR2Tx-489120
A69-1601-62425,VR2Tx-489121
A69-1601-62426,VR2Tx-489122
A69-1601-62427,VR2Tx-489123
A69-1601-62428,VR2Tx-489124
A69-1601-62429,VR2Tx-489125
A69-1601-62430,VR2Tx-489126
A69-1601-62431,VR2Tx-489127
A69-1601-62435,VR2Tx-489131
A69-1601-62437,VR2Tx-489204
A69-1601-62438,VR2Tx-489205
A69-1601-62438,VR2Tx-489205
A69-1601-62439,VR2Tx-489206
A69-1601-62439,VR2Tx-489206
A69-1601-62440,VR2Tx-489207
A69-1601-62441,VR2Tx-489208
A69-1601-62442,VR2Tx-489209
A69-1601-62442,VR2Tx-489209
A69-1601-62443,VR2Tx-489210
A69-1601-62444,VR2Tx-489211
A69-1601-62445,VR2Tx-489212
A69-1601-62446,VR2Tx-489213
A69-1601-62520,VR2Tx-489256
A69-1601-62521,VR2Tx-489257
A69-1601-62522,VR2Tx-489258
A69-1601-62587,VR2Tx-489338
A69-1601-62588,VR2Tx-489339
A69-1601-62589,VR2Tx-489340
A69-1601-62590,VR2Tx-489341
A69-1601-62591,VR2Tx-489342
A69-1601-62592,VR2Tx-489343
A69-1601-62593,VR2Tx-489344
A69-1601-62594,VR2Tx-489345
A69-1601-62595,VR2Tx-489346
A69-1601-62596,VR2Tx-489347
A69-1601-62599,VR2Tx-489350
A69-1601-62600,VR2Tx-489351
A69-1601-62602,VR2Tx-489353
A69-1601-62603,VR2Tx-489354
A69-1601-62604,VR2Tx-489355
A69-1601-62605,VR2Tx-489356
A69-1601-62606,VR2Tx-489357
A69-1601-62448,VR2Tx-489416
A69-1601-62449,VR2Tx-489417
A69-1601-62450,VR2Tx-489418
A69-1601-62451,VR2Tx-489419
A69-1601-62452,VR2Tx-489420
A69-1601-62453,VR2Tx-489421
A69-1601-62454,VR2Tx-489422
A69-1601-62455,VR2Tx-489423
A69-1601-62479,VR2Tx-489560
A69-1601-62493,VR2Tx-489574
A69-1601-62495,VR2Tx-489576
A69-1601-62498,VR2Tx-489579
A69-1601-62502,VR2Tx-489583
A69-1601-62512,VR2Tx-489593
A69-1601-62513,VR2Tx-489594
A69-1601-62515,VR2Tx-489596
A69-1601-62516,VR2Tx-489597
A69-1601-62518,VR2Tx-489599
A69-1601-62519,VR2Tx-489600
A69-1601-62525,VR2Tx-489606
A69-1601-62532,VR2Tx-489613
A69-1601-62539,VR2Tx-489616
A69-1601-62552,VR2Tx-489620
A69-1601-62559,VR2Tx-489621
A69-1601-62560,VR2Tx-489622
A69-1601-62561,VR2Tx-489623
A69-1601-62562,VR2Tx-489624
A69-1601-62563,VR2Tx-489625
A69-1601-62584,VR2Tx-489626
A69-1601-62585,VR2Tx-489627
A69-1601-62591,VR2Tx-489628
A69-1601-62592,VR2Tx-489629
A69-1601-62593,VR2Tx-489630
A69-1601-62594,VR2Tx-489631
A69-1601-62595,VR2Tx-489632
A69-1601-62596,VR2Tx-489633
A69-1601-62597,VR2Tx-489634
A69-1601-62598,VR2Tx-489635
A69-1601-62599,VR2Tx-489636
A69-1601-62601,VR2Tx-489638
A69-1601-62602,VR2Tx-489639
A69-1601-62603,VR2Tx-489640
A69-1601-62606,VR2Tx-489643
A69-1601-62607,VR2Tx-489644
A69-1601-62609,VR2Tx-489645
A69-1601-62621,VR2Tx-489646
A69-1601-62622,VR2Tx-489647
A69-1601-62624,VR2Tx-489649
A69-1601-62531,VR2Tx-489650
A69-1601-62532,VR2Tx-489651
A69-1601-62534,VR2Tx-489653
A69-1601-62537,VR2Tx-489656
A69-1601-62538,VR2Tx-489657
A69-1601-62539,VR2Tx-489658
A69-1601-62540,VR2Tx-489659
A69-1601-62626,VR2Tx-489743
A69-1601-62629,VR2Tx-489756
A69-1601-62630,VR2Tx-489757
A69-1601-62631,VR2Tx-489758
A69-1601-62632,VR2Tx-489759
A69-1601-62633,VR2Tx-489760
A69-1601-62634,VR2Tx-489761
A69-1601-62635,VR2Tx-489762
A69-1601-62636,VR2Tx-489763
A69-1601-62637,VR2Tx-489764
A69-1601-62638,VR2Tx-489765
A69-1601-62639,VR2Tx-489766
A69-1601-62640,VR2Tx-489767
A69-1601-62641,VR2Tx-489768
A69-1601-62642,VR2Tx-489769
A69-1601-62651,VR2Tx-489770
A69-1601-62662,VR2Tx-489771
A69-1601-62663,VR2Tx-489772
A69-1601-62664,VR2Tx-489773
A69-1601-62665,VR2Tx-489774
A69-1601-62666,VR2Tx-489775
A69-1601-62667,VR2Tx-489776
A69-1601-62668,VR2Tx-489777
A69-1601-62669,VR2Tx-489778
A69-1601-62670,VR2Tx-489779
A69-1601-62671,VR2Tx-489780
A69-1601-62672,VR2Tx-489781
A69-1601-62673,VR2Tx-489782
A69-1601-62674,VR2Tx-489783
A69-1601-62675,VR2Tx-489784
A69-1601-62676,VR2Tx-489785
A69-1601-62631,VR2Tx-490126
A69-1601-62733,VR2Tx-490853
A69-1601-62734,VR2Tx-490854
A69-1601-62735,VR2Tx-490855
A69-1601-62739,VR2Tx-490945
A69-1601-62740,VR2Tx-490946
A69-1601-62741,VR2Tx-490947
A69-1601-62743,VR2Tx-490948
A69-1601-62746,VR2Tx-490949
A69-1601-62747,VR2Tx-490950
A69-1601-62659,VR2Tx-490980
A69-1601-62660,VR2Tx-490981
A69-1601-62661,VR2Tx-490982
A69-1601-62662,VR2Tx-490983
A69-1601-62749,VR2Tx-491075
A69-1601-62750,VR2Tx-491076
A69-1601-62750,VR2Tx-491076
A69-1601-62751,VR2Tx-491077
A69-1601-62751,VR2Tx-491077
A69-1601-62752,VR2Tx-491078
A69-1601-62752,VR2Tx-491078
A69-1601-62753,VR2Tx-491079
A69-1601-62754,VR2Tx-491080
A69-1601-62754,VR2Tx-491080
A69-1601-62756,VR2Tx-491082
A69-1601-62758,VR2Tx-491084
A69-1601-62759,VR2Tx-491085
A69-1601-62759,VR2Tx-491085
A69-1601-62760,VR2Tx-491086
A69-1601-62761,VR2Tx-491087
A69-1601-62762,VR2Tx-491088
A69-1601-62763,VR2Tx-491089
A69-1601-62766,VR2Tx-491092
A69-1601-62769,VR2Tx-491095
A69-1601-62770,VR2Tx-491096
A69-1601-62771,VR2Tx-491097
A69-1601-62774,VR2Tx-491100
A69-1601-62792,VR2Tx-491108
A69-1601-62793,VR2Tx-491109
A69-1601-62800,VR2Tx-491116
A69-1601-62805,VR2Tx-491121
A69-1601-62806,VR2Tx-491122
A69-1601-62807,VR2Tx-491123
A69-1601-63879,VR2Tx-491268
A69-1601-63881,VR2Tx-491270
A69-1601-63882,VR2Tx-491271
A69-1601-63886,VR2Tx-491275
A69-1601-62829,VR2Tx-491370
A69-1601-62830,VR2Tx-491371
A69-1601-62831,VR2Tx-491372
A69-1601-62832,VR2Tx-491373
A69-1601-62832,VR2Tx-491373
A69-1601-62833,VR2Tx-491374
A69-1601-62834,VR2Tx-491375
A69-1601-62834,VR2Tx-491375
A69-1601-62835,VR2Tx-491376
A69-1601-62836,VR2Tx-491377
A69-1601-62837,VR2Tx-491378
A69-1601-62839,VR2Tx-491380
A69-1601-62840,VR2Tx-491381
A69-1601-62841,VR2Tx-491382
A69-1601-62842,VR2Tx-491383
A69-1601-62843,VR2Tx-491384
A69-1601-62844,VR2Tx-491385
A69-1601-62845,VR2Tx-491386
A69-1601-62846,VR2Tx-491387
A69-1601-62847,VR2Tx-491388
A69-1601-62847,VR2Tx-491388
A69-1601-62848,VR2Tx-491389
A69-1601-62850,VR2Tx-491391
A69-1601-62851,VR2Tx-491392
A69-1601-62853,VR2Tx-491394
A69-1601-62854,VR2Tx-491395
A69-1601-62855,VR2Tx-491396
A69-1601-62856,VR2Tx-491397
A69-1601-62857,VR2Tx-491398
A69-1601-62858,VR2Tx-491399
A69-1601-62859,VR2Tx-491400
A69-1601-62860,VR2Tx-491401
A69-1601-62861,VR2Tx-491402
A69-1601-62862,VR2Tx-491403
A69-1601-62863,VR2Tx-491404
A69-1601-62931,VR2Tx-491665
A69-1601-62933,VR2Tx-491667
A69-1601-62938,VR2Tx-491672
A69-1601-62940,VR2Tx-491674
A69-1601-62941,VR2Tx-491675
A69-1601-62945,VR2Tx-491679
A69-1601-62946,VR2Tx-491680
A69-1601-62868,VR2Tx-491716
A69-1601-62869,VR2Tx-491717
A69-1601-62881,VR2Tx-491724
A69-1601-62948,VR2Tx-491939
A69-1601-62949,VR2Tx-491940
A69-1601-62949,VR2Tx-491940
A69-1601-62950,VR2Tx-491941
A69-1601-64005,VR2Tx-491955
A69-1601-64007,VR2Tx-491957
A69-1601-64008,VR2Tx-491958
A69-1601-62987,VR2Tx-492426
A69-1601-63015,VR2Tx-492429
A69-1601-63017,VR2Tx-492431
A69-1601-63026,VR2Tx-492432
A69-1601-63027,VR2Tx-492433
A69-1601-63028,VR2Tx-492434
A69-1601-63029,VR2Tx-492435
A69-1601-63030,VR2Tx-492436
A69-1601-63031,VR2Tx-492437
A69-1601-63032,VR2Tx-492438
A69-1601-63034,VR2Tx-492440
A69-1601-63063,VR2Tx-492444
A69-1601-63069,VR2Tx-492445
A69-1601-63070,VR2Tx-492446
A69-1601-63071,VR2Tx-492447
A69-1601-63072,VR2Tx-492448
A69-1601-63073,VR2Tx-492449
A69-1601-63074,VR2Tx-492450
A69-1601-63075,VR2Tx-492451
A69-1601-63077,VR2Tx-492453
A69-1601-63078,VR2Tx-492454
