collectioncode,catalognumber,startdatetime,enddatetime,instrumenttype,instrumentmodel,collectornumber,fieldnumber,relationshiptype,relatedcatalogitem,commonname
FWSCARTLD22UMR,A69-9001-48393,4/23/2024 1:00:00,9/12/2030 1:00:00,Acoustic,V16-4x,1584797,A69-9001-48393,ANIMAL,FWSCARTLD22UMR-A69-9001-48393-2024-04-23,American paddlefish
FWSLAX,701_FRENCHSLOUGH_P8-VR2TX-489343-A69-1601-62592-2023-11-14T21,11/14/2023 21:00:00,11/22/2024 16:04:00,Transceiver,VR2TX,NOT USED,A69-1601-62592,STATION,701_FRENCHSLOUGH_P8,
FWSLAX,7385_MN_P5-VR2TX-489343-A69-1601-62592-2024-11-22T17,11/22/2024 17:00:52,3/21/2025 16:33:16,Transceiver,VR2TX,NOT USED,A69-1601-62592,STATION,7385_MN_P5,
FWSLAX,7385_MN_P5-VR2TX-489343-A69-1601-62592-2025_03_21T16,3/21/2025 16:37:16,7/3/2025 14:52:00,,VR2TX,489343,A69-1601-62592,STATION,7385_MN_P5,
FWSLAX,7385_MN_P5-VR2TX-489343-A69-1601-62592-2025_07_03T14,7/3/2025 14:52:00,11/25/2025 16:07:07,,VR2TX,489343,A69-1601-62592,STATION,7385_MN_P5,
MDCUMR,A69-1602-22412,4/2/2019 1:00:00,4/2/2024 1:00:00,Acoustic,V16-6x,1307258,A69-1602-22412,ANIMAL,MDCUMR-A69-1602-22412-2019-04-02,lake sturgeon
TNCRFISHPASSAGE,USGS_KYDAMDANGER-VR2TX-485480-A69-1601-62877-2022_04_19T10,4/19/2022 10:00:00,10/21/2022 10:00:00,,VR2TX,485480,A69-1601-62877,STATION,USGS_KYDAMDANGER,
TNCRFISHPASSAGE,USGS_KYDAMDANGER-VR2TX-485480-A69-1601-62877-2022_10_21T10,10/21/2022 10:05:00,5/23/2023 10:00:00,,VR2TX,485480,A69-1601-62877,STATION,USGS_KYDAMDANGER,
TNCRFISHPASSAGE,USGS_KYDAMDANGER-VR2TX-485480-A69-1601-62877-2023_05_23T10,5/23/2023 10:05:00,9/12/2023 10:00:00,,VR2TX,485480,A69-1601-62877,STATION,USGS_KYDAMDANGER,
TNCRFISHPASSAGE,USGS_KYDAMDANGER-VR2TX-485480-A69-1601-62877-2023_09_12T10,9/12/2023 10:05:00,12/7/2023 11:00:00,,VR2TX,485480,A69-1601-62877,STATION,USGS_KYDAMDANGER,
TNCRFISHPASSAGE,USGS_KYDAMDANGER-VR2TX-485480-A69-1601-62877-2023_12_07T11,12/7/2023 11:05:00,3/6/2024 17:26:00,,VR2TX,485480,A69-1601-62877,STATION,USGS_KYDAMDANGER,
TNCRFISHPASSAGE,USGS_KYDAMDANGER-VR2TX-485480-A69-1601-62877-2024_03_06T17,3/6/2024 17:31:00,6/3/2024 14:10:00,,VR2TX,485480,A69-1601-62877,STATION,USGS_KYDAMDANGER,
TNCRFISHPASSAGE,USGS_KYDAMDANGER-VR2TX-485480-A69-1601-62877-2024_06_03T14,6/3/2024 14:15:00,9/9/2024 14:26:00,,VR2TX,485480,A69-1601-62877,STATION,USGS_KYDAMDANGER,
TNCRFISHPASSAGE,USGS_KYDAMDANGER-VR2TX-485480-A69-1601-62877-2024_09_09T14,9/9/2024 14:31:00,11/26/2024 14:35:00,,VR2TX,485480,A69-1601-62877,STATION,USGS_KYDAMDANGER,
TNCRFISHPASSAGE,USGS_KYDAMDANGER-VR2TX-485480-A69-1601-62877-2024_11_26T14,11/26/2024 14:40:00,3/10/2025 15:11:00,,VR2TX,485480,A69-1601-62877,STATION,USGS_KYDAMDANGER,
TNCRFISHPASSAGE,USGS_KYDAMDANGER-VR2TX-485480-A69-1601-62877-2025_03_10T15,3/10/2025 15:16:00,6/10/2025 14:04:00,,VR2TX,485480,A69-1601-62877,STATION,USGS_KYDAMDANGER,
UMESCUMR,A69-1604-63447,3/21/2024 1:00:00,3/20/2028 1:00:00,Acoustic,V16-4x,1583817,A69-1604-63447,ANIMAL,UMESCUMR-A69-1604-63447-2024-03-21,silver carp
USACECDILR,DI 100-VR2TX-489620-A69-1601-62552-2023-05-31T23,5/31/2023 23:39:30,9/18/2023 22:28:10,Transceiver,VR2TX,NOT USED,A69-1601-62552,STATION,DI 100,
USACECDILR,DI 100-VR2TX-489620-A69-1601-62552-2023-09-18T22,9/18/2023 22:33:10,9/29/2023 19:36:01,Transceiver,VR2TX,NOT USED,A69-1601-62552,STATION,DI 100,
USACECDILR,DI 100-VR2TX-489620-A69-1601-62552-2023-09-29T19,9/29/2023 19:41:01,10/6/2023 18:23:41,Transceiver,VR2TX,NOT USED,A69-1601-62552,STATION,DI 100,
USACECDILR,DI 100-VR2TX-489620-A69-1601-62552-2023-10-06T18,10/6/2023 18:28:41,11/14/2023 22:15:52,Transceiver,VR2TX,NOT USED,A69-1601-62552,STATION,DI 100,
USACECDILR,DI 100-VR2TX-489620-A69-1601-62552-2023-11-14T22,11/14/2023 22:20:52,3/13/2024 19:13:20,Transceiver,VR2TX,NOT USED,A69-1601-62552,STATION,DI 100,
USACECDILR,DI 100-VR2TX-489620-A69-1601-62552-2024-03-13T19,3/13/2024 19:18:20,5/29/2024 22:22:37,Transceiver,VR2TX,NOT USED,A69-1601-62552,STATION,DI 100,
USACECDILR,DI 100-VR2TX-489620-A69-1601-62552-2024-05-29T22,5/29/2024 22:27:37,9/27/2024 14:06:39,Transceiver,VR2TX,NOT USED,A69-1601-62552,STATION,DI 100,
USACECDILR,DI 100-VR2TX-489620-A69-1601-62552-2024-09-27T14,9/27/2024 14:06:39,11/20/2024 16:36:30,Transceiver,VR2TX,NOT USED,A69-1601-62552,STATION,DI 100,
USACECDILR,LL 10-VR2TX-489629-A69-1601-62592-2024-05-31T20,5/31/2024 20:03:36,11/26/2024 0:18:16,Transceiver,VR2TX,NOT USED,A69-1601-62592,STATION,LL 10,
USACECDILR,LL 10-VR2TX-489629-A69-1601-62592-2024-11-26T00,11/26/2024 0:23:16,4/4/2025 10:05:00,Transceiver,VR2TX,NOT USED,A69-1601-62592,STATION,LL 10,
USACECDILR,DI 100-VR2TX-489620-A69-1601-62552-2025_03_03T15,3/3/2025 15:26:41,5/7/2025 13:23:48,,VR2TX,489620,A69-1601-62552,STATION,DI 100,
USACECDILR,DI 100-VR2TX-489620-A69-1601-62552-2025_05_07T13,5/7/2025 13:23:48,7/7/2025 12:24:25,,VR2TX,489620,A69-1601-62552,STATION,DI 100,
USACECDILR,DI 100-VR2TX-489620-A69-1601-62552-2025_07_07T12,7/7/2025 12:24:25,11/14/2025 16:58:32,,VR2TX,489620,A69-1601-62552,STATION,DI 100,
USACECDILR,DI 100-VR2TX-489620-A69-1601-62552-2025_11_14T16,11/14/2025 16:58:32,,,VR2TX,489620,A69-1601-62552,STATION,DI 100,
USACECDILR,LL 10-VR2TX-489629-A69-1601-62592-2025_04_04T10,4/4/2025 10:05:00,5/8/2025 16:03:47,,VR2TX,489629,A69-1601-62592,STATION,LL 10,
USACECDILR,LL 10-VR2TX-489629-A69-1601-62592-2025_05_08T16,5/8/2025 16:03:47,8/15/2025 14:40:11,,VR2TX,489629,A69-1601-62592,STATION,LL 10,
USACECDILR,LL 10-VR2TX-489629-A69-1601-62592-2025_08_15T14,8/15/2025 14:40:11,11/13/2025 15:26:05,,VR2TX,489629,A69-1601-62592,STATION,LL 10,
USACECDILR,LL 10-VR2TX-489629-A69-1601-62592-2025_11_13T15,11/13/2025 15:26:05,,,VR2TX,489629,A69-1601-62592,STATION,LL 10,
USACECDILR,DI 100-VR2TX-489620-A69-1601-62552-2024-11-20T16,11/20/2024 16:36:30,3/3/2025 15:26:41,Transceiver,VR2TX,NOT USED,A69-1601-62552,STATION,DI 100,
USGSUMESCILR,ST04A-VR2TX-485475-A69-1601-62867-2022-04-13T16,4/13/2022 16:15:00,7/12/2022 19:12:00,Transceiver,VR2TX,NOT USED,A69-1601-62867,STATION,ST04A,
USGSUMESCILR,ST04A-VR2TX-485475-A69-1601-62867-2022-07-12T19,7/12/2022 19:17:00,11/10/2022 16:04:00,Transceiver,VR2TX,NOT USED,A69-1601-62867,STATION,ST04A,
USGSUMESCILR,ST04A-VR2TX-485475-A69-1601-62867-2022-11-10T16,11/10/2022 16:09:00,4/13/2023 13:34:00,Transceiver,VR2TX,NOT USED,A69-1601-62867,STATION,ST04A,
USGSUMESCILR,ST04A-VR2TX-485475-A69-1601-62867-2023-04-13T13,4/13/2023 13:39:00,11/7/2023 15:27:00,Transceiver,VR2TX,NOT USED,A69-1601-62867,STATION,ST04A,
USGSUMESCILR,ST04A-VR2TX-485475-A69-1601-62867-2023-11-07T15,11/7/2023 15:32:00,4/18/2024 13:29:00,Transceiver,VR2TX,NOT USED,A69-1601-62867,STATION,ST04A,
USGSUMESCILR,ST04A-VR2TX-485475-A69-1601-62867-2024-04-18T13,4/18/2024 13:34:00,11/13/2024 16:53:00,Transceiver,VR2TX,NOT USED,A69-1601-62867,STATION,ST04A,
USGSUMESCILR,ST2-VR2TX-487141-A69-1601-62032-2022-12-14T20,12/14/2022 20:28:00,4/13/2023 14:02:00,Transceiver,VR2TX,NOT USED,A69-1601-62032,STATION,ST2,
USGSUMESCILR,ST2-VR2TX-487141-A69-1601-62032-2023-04-13T14,4/13/2023 14:07:00,11/6/2023 21:48:00,Transceiver,VR2TX,NOT USED,A69-1601-62032,STATION,ST2,
USGSUMESCILR,ST2-VR2TX-487141-A69-1601-62032-2023-11-06T21,11/6/2023 21:53:00,4/18/2024 14:10:00,Transceiver,VR2TX,NOT USED,A69-1601-62032,STATION,ST2,
USGSUMESCILR,ST2-VR2TX-487141-A69-1601-62032-2024-04-18T14,4/18/2024 14:15:00,11/13/2024 17:10:00,Transceiver,VR2TX,NOT USED,A69-1601-62032,STATION,ST2,
USGSUMESCILR,WEST_PIT_3-VR2TX-487141-A69-1601-62032-2024-11-13T20,11/13/2024 20:21:00,11/13/2024 22:23:00,Transceiver,VR2TX,NOT USED,A69-1601-62032,STATION,WEST_PIT_3,
USGSUMESCILR,WEST_PIT_3-VR2TX-487141-A69-1601-62032-2024-11-13T22,11/13/2024 22:28:00,,Transceiver,VR2TX,NOT USED,A69-1601-62032,STATION,WEST_PIT_3,
USGSUMESCILR,WEST_PIT_4-VR2TX-485475-A69-1601-62867-2024-11-13T20,11/13/2024 20:06:00,11/13/2024 22:12:00,Transceiver,VR2TX,NOT USED,A69-1601-62867,STATION,WEST_PIT_4,
USGSUMESCILR,WEST_PIT_4-VR2TX-485475-A69-1601-62867-2024-11-13T22,11/13/2024 22:17:00,,Transceiver,VR2TX,NOT USED,A69-1601-62867,STATION,WEST_PIT_4,
WIUUSGSILR2019,A69-9001-12694,6/26/2019 10:46:00,6/7/2026 10:46:00,Acoustic,V16-6x,1276948,A69-9001-12694,ANIMAL,WIUUSGSILR2019-A69-9001-12694-2019-06-26,silver carp
WIUUSGSILR2019,A69-9001-12695,6/25/2019 11:54:00,6/6/2026 11:54:00,Acoustic,V16-6x,1276949,A69-9001-12695,ANIMAL,WIUUSGSILR2019-A69-9001-12695-2019-06-25,silver carp
